,n,median_ensemble,median_rf,p_one_sided,median_mlp
rf,14.0,0.6330318592065689,0.6025585482293507,0.97100830078125,
mlp,14.0,0.6330318592065689,,0.00030517578125,0.5930302336023405
