test_subject,clf,accuracy,balanced_accuracy,f1_macro,kappa,mcc,top2_acc,top3_acc,log_loss,n_test
S01,ensemble_soft,0.5376106194690266,0.5130756157102685,0.5207141915323732,0.4152018546547439,0.4293672136406659,0.754424778761062,0.9303097345132744,1.0824457774160974,904
S12,ensemble_soft,0.4550943396226415,0.4930567549985193,0.45895600603714587,0.29203533273932336,0.31362358165804083,0.8150943396226416,0.9637735849056603,1.1377838485815308,1325
S33,ensemble_soft,0.4730290456431535,0.5044098958121639,0.4364858637260679,0.3021850747357573,0.3616697548221034,0.891286307053942,0.9618257261410789,1.5932747907299085,1205
