test_subject,clf,accuracy,balanced_accuracy,f1_macro,kappa,mcc,top2_acc,top3_acc,log_loss,n_test
S01,ensemble_soft,0.5387168141592921,0.5143178517351132,0.5218011480541123,0.41660089327997174,0.4308139829880458,0.7555309734513275,0.9292035398230089,1.0829010304370978,904
S12,ensemble_soft,0.4550943396226415,0.4944650531243996,0.4591189720704586,0.2924259660033106,0.31405554590755735,0.8135849056603773,0.9637735849056603,1.1379939306537628,1325
S33,ensemble_soft,0.4738589211618257,0.5049748675635762,0.43716833841777636,0.30317151501386874,0.36311249226809095,0.8921161825726142,0.9626556016597511,1.5938497056413585,1205
