test_subject,clf,accuracy,balanced_accuracy,f1_macro,kappa,mcc,top2_acc,top3_acc,log_loss,n_test
S01,ensemble_soft,0.661504424778761,0.6713418957300238,0.681058056213095,0.5714810196193856,0.5763154216190179,0.8307522123893806,0.918141592920354,0.982888988327848,904
S12,ensemble_soft,0.5547169811320755,0.5929654935550737,0.554409499885849,0.416932126946574,0.44342486636898704,0.8015094339622642,0.9637735849056603,1.05019713885659,1325
S33,ensemble_soft,0.5518672199170125,0.596873552005853,0.5455928101306393,0.41054550132167533,0.4921328559353532,0.9278008298755187,0.9543568464730291,1.0929399509902498,1205
