subject,clf,accuracy,balanced_accuracy,f1_macro,kappa,mcc,top2_acc,top3_acc,log_loss,acc_ci95,f1_ci95
S01,svm_linear,0.9258849557522124,0.9219846609818945,0.9221668651134666,0.9052882104400639,0.9055505226795467,,,,"[0.909, 0.942]","[0.904, 0.939]"
S01,ensemble_soft,0.9203539823008849,0.9134953216916399,0.9160180431602946,0.8981127822373611,0.8983210672748608,0.9823008849557522,1.0,0.2604049496047237,"[0.902, 0.938]","[0.897, 0.933]"
S01,svm_rbf,0.9192477876106194,0.9124569264389614,0.914384427418029,0.8967550560953974,0.8969059027845506,0.9823008849557522,1.0,0.24701632950095126,"[0.900, 0.936]","[0.895, 0.932]"
S01,logreg,0.911504424778761,0.9059463714445102,0.9072030874060282,0.8869001540422404,0.8869489435695115,0.9867256637168141,0.9977876106194691,0.2220178732078773,"[0.892, 0.930]","[0.888, 0.925]"
S01,lda,0.9126106194690266,0.9038061734478962,0.9068881184843324,0.88815525709131,0.888754406379163,0.9823008849557522,0.9966814159292036,0.28159884838141386,"[0.894, 0.930]","[0.888, 0.926]"
S01,rf,0.8960176991150443,0.8895744986519946,0.8915498278618296,0.8670554957570903,0.8671334124740169,0.9756637168141593,0.9977876106194691,0.30127477540244074,"[0.875, 0.916]","[0.872, 0.912]"
S01,mlp,0.8926991150442478,0.8853685479109845,0.8882664050221166,0.8626169952089542,0.8630671571072812,0.9723451327433629,0.9944690265486725,0.3090329126116346,"[0.873, 0.913]","[0.866, 0.909]"
