fold,accuracy,f1_macro
1,0.6001330671989354,0.6341117695191351
2,0.705547652916074,0.7220236935011096
3,0.7622126436781609,0.7833102854832041
4,0.7586206896551724,0.7685645336256502
5,0.7621765601217656,0.7677581124578088
