fold,accuracy,f1_macro
1,0.5755156353958749,0.6067374160950171
2,0.7005689900426743,0.7131925589375158
3,0.7521551724137931,0.7698199310726996
4,0.731474688187821,0.7382133623692938
5,0.7488584474885844,0.7547673721953976
